IPO Date,Symbol,Company Name,IPO Price,Current,Return,Market Cap,Year,Industry,Price_1W,Price_1M,Price_6M,Price_1Y,Return_1W_pct,Return_1M_pct,Return_6M_pct,Return_1Y_pct,Market Cap Size,Success_Q2
2019-12-19,MNPR,Monopar Therapeutics Inc.,132.5,45.25,459.38,276.59,2019,Biotechnology,87.0,86.55,47.5,28.6,-34.34,-34.68,-64.15,-78.42,Small Cap,0
2019-12-13,OCFT,"OneConnect Financial Technology Co., Ltd.",100.0,6.13,-38.7,246.07,2019,Software - Application,98.5,156.8,153.9,206.9,-1.5,56.8,53.9,106.9,Small Cap,1
2019-11-08,CNSP,"CNS Pharmaceuticals, Inc.",342750.0,1.11,-71.75,3.27,2019,Biotechnology,328500.0,295500.0,207000.0,162000.0,-4.16,-13.79,-39.61,-52.74,Small Cap,0
2019-11-08,KRKR,36Kr Holdings Inc.,261.2,5.35,-63.38,10.54,2019,Advertising Agencies,199.6,180.0,73.0,59.8,-23.58,-31.09,-72.05,-77.11,Small Cap,0
2019-11-01,DUO,Fangdd Network Group Ltd.,2925.0,0.24,-98.24,11.63,2019,Real Estate Services,2925.0,2958.75,2520.0,1483.2,0.0,1.15,-13.85,-49.29,Small Cap,0
2019-10-25,PAVS,Paranovus Entertainment Technology Ltd.,89.44,1.23,-76.36,82.82,2019,Packaged Foods,96.6,97.33,59.67,34.8,8.01,8.82,-33.28,-61.09,Small Cap,0
2019-10-03,APRE,"Aprea Therapeutics, Inc.",410.0,1.75,-88.0,9.61,2019,Biotechnology,388.8,499.4,695.2,501.2,-5.17,21.8,69.56,22.24,Small Cap,1
2019-10-03,KRRO,"Korro Bio, Inc.",685.0,17.67,42.07,165.9,2019,Biotechnology,633.5,778.75,890.5,932.5,-7.52,13.69,30.0,36.13,Small Cap,1
2019-08-15,JFU,9F Inc.,195.2,1.5,-85.68,17.66,2019,Information Technology Services,227.4,203.0,188.4,39.2,16.5,4.0,-3.48,-79.92,Small Cap,0
2019-08-14,BTOG,Bit Origin Ltd,138.0,0.18,-96.54,1.5,2019,Financial Data & Stock Exchanges,136.2,133.8,84.6,37.8,-1.3,-3.04,-38.7,-72.61,Small Cap,0
2019-08-05,AMTD,AMTD IDEA Group,60.54,1.0,-87.95,66.05,2019,Asset Management,58.32,54.36,48.96,42.0,-3.67,-10.21,-19.13,-30.62,Small Cap,0
2019-08-01,SNDL,SNDL Inc.,84.8,1.35,-89.58,346.06,2019,Beverages - Wineries & Distilleries,123.0,79.6,26.4,5.84,45.05,-6.13,-68.87,-93.11,Mid Cap,0
2019-07-26,BHAT,Blue Hat Interactive Entertainment Technology,4580.0,2.08,-46.5,10.27,2019,Electronic Gaming & Multimedia,3700.0,2795.0,1720.0,1320.0,-19.21,-38.97,-62.45,-71.18,Small Cap,0
2019-05-10,SONM,"Sonim Technologies, Inc.",1099.0,1.43,-86.73,9.04,2019,Communication Equipment,1135.0,1713.0,229.0,101.0,3.28,55.87,-79.16,-90.81,Small Cap,0
2019-05-03,YJ,Yunji Inc.,566.0,1.74,-85.23,8.58,2019,Internet Retail,482.8,440.0,205.6,152.4,-14.7,-22.26,-63.67,-73.07,Small Cap,0
2019-04-18,HOOK,HOOKIPA Pharma Inc.,140.0,1.25,-91.07,15.68,2019,Biotechnology,141.5,116.7,71.3,80.5,1.07,-16.64,-49.07,-42.5,Small Cap,0
2019-03-28,DTIL,"Precision BioSciences, Inc.",523.2,5.67,-64.31,59.43,2019,Biotechnology,454.5,379.2,300.9,185.7,-13.13,-27.52,-42.49,-64.51,Small Cap,0
2019-02-26,SLE,"Super League Enterprise, Inc.",189.0,0.35,-96.73,6.22,2019,Internet Content & Information,186.0,162.6,117.0,71.6,-1.59,-13.97,-38.1,-62.12,Small Cap,0
2019-02-15,HOTH,"Hoth Therapeutics, Inc.",213.25,0.88,-84.11,11.57,2019,Biotechnology,172.25,136.25,132.75,120.0,-19.23,-36.11,-37.75,-43.73,Small Cap,0
2019-01-08,MTC,"MMTec, Inc.",75.5,1.18,-70.7,29.72,2019,Software - Application,74.8,60.0,172.05,20.99,-0.93,-20.53,127.88,-72.2,Small Cap,0
2019-01-04,SXTC,"China SXT Pharmaceuticals, Inc.",574.0,1.41,-40.5,19.41,2019,Drug Manufacturers - Specialty & Generic,620.0,576.0,403.0,78.0,8.01,0.35,-29.79,-86.41,Small Cap,0
2020-12-23,IKT,"Inhibikase Therapeutics, Inc.",59.4,2.09,-77.5,155.37,2020,Biotechnology,42.96,39.6,17.4,9.42,-27.68,-33.33,-70.71,-84.14,Small Cap,0
2020-12-18,MASS,908 Devices Inc.,49.0,5.4,-72.45,190.61,2020,Medical Devices,67.92,62.45,40.32,26.17,38.61,27.45,-17.71,-46.59,Small Cap,0
2020-12-16,LOGC,ContextLogic Inc.,601.5,6.99,-70.58,183.93,2020,Internet Retail,628.2,745.05,338.1,93.3,4.44,23.87,-43.79,-84.49,Small Cap,0
2020-12-15,OCG,Oriental Culture Holding LTD,30.0,4.49,7.25,83.38,2020,Internet Retail,29.35,25.0,27.45,22.0,-2.17,-16.67,-8.5,-26.67,Small Cap,0
2020-12-15,WNW,Meiwu Technology Company Limited,8435.0,2.1,-56.2,6.65,2020,Internet Retail,28742.0,19831.0,5152.0,1715.0,240.75,135.1,-38.92,-79.67,Small Cap,0
2020-12-11,VVOS,"Vivos Therapeutics, Inc.",224.75,2.61,-54.17,15.37,2020,Medical Devices,192.5,181.25,142.5,67.5,-14.35,-19.35,-36.6,-69.97,Small Cap,0
2020-12-10,HYFM,"Hydrofarm Holdings Group, Inc.",519.9,3.85,-82.45,17.76,2020,Farm & Heavy Construction Machinery,529.1,644.6,594.6,279.0,1.77,23.99,14.37,-46.34,Small Cap,0
2020-12-04,SEER,"Seer, Inc.",56.46,1.97,-89.47,117.77,2020,Biotechnology,75.65,54.01,32.61,21.14,33.99,-4.34,-42.24,-62.56,Small Cap,0
2020-12-04,YQ,17 Education & Technology Group Inc.,211.4,2.1,-80.1,18.59,2020,Education & Training Services,326.4,260.0,108.4,6.95,54.4,22.99,-48.72,-96.71,Small Cap,0
2020-11-24,VMAR,Vision Marine Technologies Inc.,19494.0,6.7,-32.0,7.41,2020,Recreational Vehicles,17266.5,19062.0,9288.0,8964.0,-11.43,-2.22,-52.35,-54.02,Small Cap,0
2020-11-19,YSG,Yatsen Holding Limited,92.0,4.12,-60.76,378.46,2020,Household & Personal Products,84.3,83.55,49.1,15.0,-8.37,-9.18,-46.63,-83.7,Mid Cap,0
2020-10-29,GLTO,"Galecto, Inc.",375.0,3.04,-79.47,4.02,2020,Biotechnology,375.0,396.25,147.75,82.5,0.0,5.67,-60.6,-78.0,Small Cap,0
2020-10-28,ROOT,"Root, Inc.",486.0,143.61,431.89,2210.0,2020,Insurance - Property & Casualty,414.54,310.14,197.64,86.76,-14.7,-36.19,-59.33,-82.15,Large Cap,0
2020-10-21,YGMZ,MingZhu Logistics Holdings Limited,34.0,1.29,-67.5,98.92,2020,Trucking,30.84,30.4,33.2,22.64,-9.29,-10.59,-2.35,-33.41,Small Cap,0
2020-10-16,ALGS,"Aligos Therapeutics, Inc.",371.25,4.96,-64.13,30.3,2020,Biotechnology,377.5,522.75,539.5,397.75,1.68,40.81,45.32,7.14,Small Cap,1
2020-10-16,PRAX,"Praxis Precision Medicines, Inc.",417.0,39.04,109.9,795.1,2020,Biotechnology,464.85,472.2,379.5,300.15,11.47,13.24,-8.99,-28.02,Mid Cap,0
2020-10-09,INTZ,Intrusion Inc.,182.2,1.44,-80.88,29.86,2020,Software - Infrastructure,219.4,206.0,544.8,74.4,20.42,13.06,199.01,-59.17,Small Cap,0
2020-10-01,LXEH,"Lixiang Education Holding Co., Ltd.",150.0,2.1,-77.3,40.25,2020,Education & Training Services,141.4,170.6,164.0,157.5,-5.73,13.73,9.33,5.0,Small Cap,1
2020-09-25,AMST,Amesite Inc.,62.64,2.18,-56.4,8.71,2020,Software - Application,57.24,50.4,61.68,21.36,-8.62,-19.54,-1.53,-65.9,Small Cap,0
2020-09-25,SYTA,Siyata Mobile Inc.,565740.0,1.06,-84.97,3.18,2020,Communication Equipment,565740.0,709380.0,1193220.0,477540.0,0.0,25.39,110.91,-15.59,Small Cap,0
2020-09-17,AMWL,American Well Corporation,461.4,7.29,-59.0,113.8,2020,Health Information Services,554.4,710.8,440.4,225.0,20.16,54.05,-4.55,-51.24,Small Cap,0
2020-09-15,OM,"Outset Medical, Inc.",910.2,12.05,-54.63,213.28,2020,Medical Devices,804.45,750.3,750.15,774.75,-11.62,-17.57,-17.58,-14.88,Small Cap,0
2020-09-01,PRFX,PainReform Ltd.,404.4,2.3,-71.44,3.92,2020,Drug Manufacturers - Specialty & Generic,390.6,270.0,385.2,180.6,-3.41,-33.23,-4.75,-55.34,Small Cap,0
2020-08-14,CVAC,CureVac N.V.,55.9,3.48,-78.44,782.42,2020,Biotechnology,67.2,53.13,115.98,58.8,20.21,-4.96,107.48,5.19,Mid Cap,1
2020-08-05,BIGC,"BigCommerce Holdings, Inc.",72.27,5.08,-78.67,403.72,2020,Software - Application,79.8,106.98,78.33,71.33,10.42,48.03,8.39,-1.3,Mid Cap,0
2020-07-15,GOCO,"GoHealth, Inc.",291.9,7.75,-58.05,183.73,2020,Insurance Brokers,329.7,252.3,222.15,150.6,12.95,-13.57,-23.9,-48.41,Small Cap,0
2020-07-10,QH,Quhuo Limited,1277.0,1.26,-87.1,113.02,2020,Software - Application,1051.0,882.0,742.0,369.0,-17.7,-30.93,-41.9,-71.1,Small Cap,0
2020-06-30,ADTX,"Aditxt, Inc.",101200000.0,2.2,-73.22,2.55,2020,Biotechnology,77000000.0,76000000.0,44400000.0,51800000.0,-23.91,-24.9,-56.13,-48.81,Small Cap,0
2020-06-26,EBON,Ebang International Holdings Inc.,150.0,3.64,-30.4,22.86,2020,Computer Hardware,131.1,143.7,144.3,92.7,-12.6,-4.2,-3.8,-38.2,Small Cap,0
2020-06-26,PYPD,PolyPid Ltd.,570.0,2.8,-82.56,28.53,2020,Biotechnology,519.9,487.5,310.5,285.0,-8.79,-14.47,-45.53,-50.0,Small Cap,0
2020-06-19,BIOR,"Biora Therapeutics, Inc.",3280.0,0.56,-96.27,2.48,2020,Biotechnology,2495.0,2572.5,1162.5,752.5,-23.93,-21.57,-64.56,-77.06,Small Cap,0
2020-06-12,BNR,Burning Rock Biotech Limited,246.3,2.44,-84.12,25.03,2020,Diagnostics & Research,287.9,283.5,262.6,296.7,16.89,15.1,6.62,20.46,Small Cap,1
2020-05-08,CLEU,China Liberal Education Holdings Limited,73.5,1.95,-68.5,6.56,2020,Education & Training Services,64.65,58.95,84.75,54.45,-12.04,-19.8,15.31,-25.92,Small Cap,0
2020-04-01,WIMI,"WiMi Hologram Cloud, Inc.",55.0,0.31,-94.42,30.16,2020,Advertising Agencies,54.85,48.8,58.9,66.4,-0.27,-11.27,7.09,20.73,Small Cap,1
2020-02-24,ZCMD,Zhongchao Inc.,40.3,1.19,-70.25,30.05,2020,Health Information Services,36.0,24.2,21.95,20.7,-10.67,-39.95,-45.53,-48.64,Small Cap,0
2020-02-13,SDOT,Sadot Group Inc.,38.6,1.49,-69.2,8.74,2020,Farm Products,36.9,21.9,26.4,30.2,-4.4,-43.26,-31.61,-21.76,Small Cap,0
2020-02-12,HUIZ,Huize Holding Limited,50.0,2.14,-79.53,21.59,2020,Insurance Brokers,52.35,41.3,44.5,43.6,4.7,-17.4,-11.0,-12.8,Small Cap,0
2020-01-17,SOGP,Sound Group Inc.,116.3,1.26,-87.76,6.21,2020,Internet Content & Information,111.0,102.3,70.0,38.0,-4.56,-12.04,-39.81,-67.33,Small Cap,0
2019-12-19,INDO,Indonesia Energy Corporation Limited,11.0,2.35,-78.55,24.32,2019,Oil & Gas E&P,7.41,8.3,5.12,4.11,-32.64,-24.55,-53.45,-62.64,Small Cap,0
2019-12-13,SPT,"Sprout Social, Inc.",17.0,21.11,25.59,1230.0,2019,Software - Application,16.0,18.52,28.25,46.25,-5.88,8.94,66.18,172.06,Mid Cap,1
2019-12-12,BILL,"BILL Holdings, Inc.",22.0,45.24,105.64,4610.0,2019,Software - Application,38.2,39.49,70.35,143.43,73.64,79.5,219.77,551.95,Large Cap,1
2019-12-12,EH,EHang Holdings Limited,12.5,18.75,51.28,1350.0,2019,Aerospace & Defense,9.4,13.32,12.67,18.93,-24.8,6.56,1.36,51.44,Mid Cap,1
2019-12-11,XP,XP Inc.,27.0,15.9,-41.19,8540.0,2019,Capital Markets,34.3,33.84,36.94,33.38,27.04,25.33,36.81,23.63,Large Cap,1
2019-12-05,LMPX,"LMP Automotive Holdings, Inc.",5.0,0.35,-93.0,17.45,2019,Auto & Truck Dealerships,0.01,0.01,0.0,0.01,-99.8,-99.8,-100.0,-99.8,Small Cap,0
2019-11-22,PINE,"Alpine Income Property Trust, Inc.",19.0,15.29,-18.63,236.85,2019,REIT - Retail,13.45,13.56,8.84,11.75,-29.21,-28.63,-53.47,-38.16,Small Cap,0
2019-11-21,CAN,Canaan Inc.,9.0,0.62,-92.86,231.94,2019,Computer Hardware,8.25,4.77,4.37,4.28,-8.33,-47.0,-51.44,-52.44,Small Cap,0
2019-11-21,SITM,SiTime Corporation,13.0,165.41,,3920.0,2019,Semiconductors,17.49,21.64,30.93,82.3,34.54,66.46,137.92,533.08,Large Cap,1
2019-11-11,ETNB,"89bio, Inc.",16.0,8.61,-45.88,1260.0,2019,Biotechnology,28.27,28.83,31.2,24.3,76.69,80.19,95.0,51.88,Mid Cap,1
2019-11-08,TELA,"TELA Bio, Inc.",13.0,0.99,-92.15,39.16,2019,Medical Devices,12.09,12.15,12.21,16.33,-7.0,-6.54,-6.08,25.62,Small Cap,1
2019-11-05,XHG,XChange TEC.INC,,0.12,,2.48,2019,Insurance Brokers,72560.0,57920.0,47452.0,14800.0,,,,,Small Cap,0
2019-10-31,RAPT,"RAPT Therapeutics, Inc.",12.0,0.92,-91.94,121.45,2019,Biotechnology,22.27,25.91,16.12,28.74,85.58,115.92,34.33,139.5,Small Cap,1
2019-10-25,CABA,"Cabaletta Bio, Inc.",11.0,1.28,-88.41,64.95,2019,Biotechnology,10.75,13.2,6.75,12.06,-2.27,20.0,-38.64,9.64,Small Cap,1
2019-10-25,DAO,"Youdao, Inc.",17.0,8.71,-47.88,1040.0,2019,Education & Training Services,14.83,13.74,20.5,26.5,-12.76,-19.18,20.59,55.88,Mid Cap,1
2019-10-25,PAIYY,Aesthetic Medical International Holdings Group Ltd.,,0.2,,9.61,2019,Medical Care Facilities,8.37,6.63,8.85,5.91,,,,,Small Cap,0
2019-10-25,PGNY,"Progyny, Inc.",13.0,23.4,79.08,2000.0,2019,Healthcare Plans,18.38,25.72,23.38,27.95,41.38,97.85,79.85,115.0,Mid Cap,1
2019-10-25,PHAT,"Phathom Pharmaceuticals, Inc.",19.0,2.59,-86.05,180.04,2019,Biotechnology,23.78,24.55,33.29,39.8,25.16,29.21,75.21,109.47,Small Cap,1
2019-10-24,BWIN,"The Baldwin Insurance Group, Inc.",,40.69,,4870.0,2019,Insurance Brokers,15.75,16.89,9.34,26.63,,,,,Large Cap,0
2019-10-17,BRBR,"BellRing Brands, Inc.",14.0,78.39,459.93,10060.0,2019,Packaged Foods,16.3,19.08,17.23,22.64,16.43,36.29,23.07,61.71,Large Cap,1
2019-10-17,IPHA,Innate Pharma S.A.,5.5,2.23,-59.64,187.03,2019,Biotechnology,5.97,6.03,6.89,4.17,8.55,9.64,25.27,-24.18,Small Cap,0
2019-10-11,HBT,"HBT Financial, Inc.",16.0,23.73,47.5,747.39,2019,Banks - Regional,13.05,13.92,9.74,10.28,-18.44,-13.0,-39.12,-35.75,Mid Cap,0
2019-10-11,VIR,"Vir Biotechnology, Inc.",20.0,6.15,-69.7,849.09,2019,Biotechnology,13.66,13.27,29.1,40.89,-31.7,-33.65,45.5,104.45,Mid Cap,1
2019-10-10,BNTX,BioNTech SE,15.0,101.1,579.33,24260.0,2019,Biotechnology,12.83,18.62,45.0,87.88,-14.47,24.13,200.0,485.87,Large Cap,1
2019-10-03,MCBS,"MetroCity Bankshares, Inc.",13.5,28.53,111.33,719.66,2019,Banks - Regional,11.37,12.24,10.02,11.69,-15.78,-9.33,-25.78,-13.41,Mid Cap,0
2019-09-26,OPRT,Oportun Financial Corporation,15.0,5.55,-64.47,200.55,2019,Credit Services,14.42,16.99,11.5,11.22,-3.87,13.27,-23.33,-25.2,Small Cap,0
2019-09-26,PTON,"Peloton Interactive, Inc.",29.0,6.89,-76.02,2690.0,2019,Leisure,22.33,22.4,24.57,97.73,-23.0,-22.76,-15.28,237.0,Large Cap,1
2019-09-19,DDOG,"Datadog, Inc.",27.0,105.7,292.63,36500.0,2019,Software - Application,32.44,31.57,34.12,85.69,20.15,16.93,26.37,217.37,Large Cap,1
2019-09-19,XGN,Exagen Inc.,14.0,6.17,-57.0,110.34,2019,Diagnostics & Research,14.58,13.99,20.82,12.75,4.14,-0.07,48.71,-8.93,Small Cap,0
2019-09-18,IGMS,"IGM Biosciences, Inc.",16.0,1.39,-91.56,83.09,2019,Biotechnology,19.83,19.0,31.51,71.14,23.94,18.75,96.94,344.62,Small Cap,1
2019-09-18,NVST,Envista Holdings Corporation,22.0,17.01,-22.68,2880.0,2019,Medical Instruments & Supplies,27.74,28.77,17.04,25.64,26.09,30.77,-22.55,16.55,Large Cap,1
2019-09-13,ALRS,Alerus Financial Corporation,21.0,20.92,-1.14,530.52,2019,Banks - Regional,18.39,18.03,14.54,18.84,-12.43,-14.14,-30.76,-10.29,Mid Cap,0
2019-09-13,NET,"Cloudflare, Inc.",15.0,124.64,735.87,43190.0,2019,Software - Infrastructure,19.87,15.69,20.59,34.17,32.47,4.6,37.27,127.8,Large Cap,1
2019-09-13,SWTX,"SpringWorks Therapeutics, Inc.",18.0,46.23,156.78,3440.0,2019,Biotechnology,26.16,19.03,33.23,38.96,45.33,5.72,84.61,116.44,Large Cap,1
2019-09-12,TXG,"10x Genomics, Inc.",39.0,8.61,-78.36,1060.0,2019,Health Information Services,61.12,49.3,66.5,125.0,56.72,26.41,70.51,220.51,Mid Cap,1
2019-08-08,INMD,InMode Ltd.,14.0,14.25,1.54,967.13,2019,Medical Devices,9.12,12.07,24.43,15.89,-34.86,-13.79,74.5,13.5,Mid Cap,1
2019-08-01,DT,"Dynatrace, Inc.",16.0,47.58,197.34,14240.0,2019,Software - Application,26.0,22.98,28.68,41.83,62.5,43.62,79.25,161.44,Large Cap,1
2019-08-01,KRUS,"Kura Sushi USA, Inc.",14.0,60.55,346.86,731.78,2019,Restaurants,21.0,25.07,24.04,10.39,50.0,79.07,71.71,-25.79,Mid Cap,0
2019-07-31,BORR,Borr Drilling Limited,9.3,1.62,-82.2,387.68,2019,Oil & Gas Drilling,12.98,10.91,12.59,1.69,39.57,17.31,35.38,-81.83,Mid Cap,0
2019-07-26,VIST,"Vista Energy, S.A.B. de C.V.",9.0,42.77,383.0,4640.0,2019,Oil & Gas E&P,9.28,5.65,8.12,3.62,3.11,-37.22,-9.78,-59.78,Large Cap,0
2019-07-25,CSTL,"Castle Biosciences, Inc.",16.0,18.73,17.06,540.27,2019,Diagnostics & Research,21.95,23.5,30.87,39.04,37.19,46.88,92.94,144.0,Mid Cap,1
2019-07-25,HCAT,"Health Catalyst, Inc.",26.0,4.06,-84.31,285.06,2019,Health Information Services,44.43,38.63,37.0,35.98,70.88,48.58,42.31,38.38,Small Cap,1
2019-07-25,NOVA,Sunnova Energy International Inc.,12.0,0.21,-98.28,26.59,2019,Solar,11.39,8.66,12.71,22.3,-5.08,-27.83,5.92,85.83,Small Cap,1
2019-07-24,EIC,Eagle Point Income Company Inc.,19.0,14.54,-23.47,307.43,2019,Asset Management,12.52,12.69,12.52,9.06,-34.11,-33.21,-34.11,-52.32,Mid Cap,0
2019-07-19,AFYA,Afya Limited,19.0,18.95,-0.26,1710.0,2019,Education & Training Services,27.79,26.68,27.91,22.69,46.26,40.42,46.89,19.42,Mid Cap,1
2019-07-19,IFS,Intercorp Financial Services Inc.,46.0,34.61,-23.87,3890.0,2019,Banks - Regional,32.5,30.39,30.14,21.13,-29.35,-33.93,-34.48,-54.07,Large Cap,0
2019-07-18,FULC,"Fulcrum Therapeutics, Inc.",16.0,5.69,-64.44,307.14,2019,Biotechnology,13.25,9.04,18.54,17.88,-17.19,-43.5,15.87,11.75,Mid Cap,1
2019-07-18,IHRT,"iHeartMedia, Inc.",17.0,1.06,-93.77,161.0,2019,Broadcasting,15.62,13.25,17.1,8.86,-8.12,-22.06,0.59,-47.88,Small Cap,0
2019-07-18,MIRM,"Mirum Pharmaceuticals, Inc.",15.0,44.12,193.07,2180.0,2019,Biotechnology,13.78,13.05,18.0,20.17,-8.13,-13.0,20.0,34.47,Large Cap,1
2019-07-18,OBDC,Blue Owl Capital Corporation,15.3,13.84,-8.95,7070.0,2019,Asset Management,8.41,8.47,9.39,7.5,-45.03,-44.64,-38.63,-50.98,Large Cap,0
2019-07-18,PHR,"Phreesia, Inc.",17.0,25.24,49.41,1480.0,2019,Health Information Services,24.8,26.67,25.88,29.17,45.88,56.88,52.24,71.59,Mid Cap,1
2019-07-17,DOYU,DouYu International Holdings Limited,11.5,7.62,-33.74,229.96,2019,Internet Content & Information,18.79,16.03,17.24,22.2,63.39,39.39,49.91,93.04,Small Cap,1
2019-07-02,RMBI,"Richmond Mutual Bancorporation, Inc.",10.0,14.21,43.0,136.75,2019,Banks - Regional,11.06,10.84,13.06,9.07,10.6,8.4,30.6,-9.3,Small Cap,0
2019-06-28,REAL,"The RealReal, Inc.",20.0,6.43,-67.7,727.19,2019,Luxury Goods,26.51,25.12,17.81,13.4,32.55,25.6,-10.95,-33.0,Mid Cap,0
2019-06-27,ADPT,Adaptive Biotechnologies Corporation,20.0,10.02,-49.9,1520.0,2019,Biotechnology,39.16,39.67,30.0,46.29,95.8,98.35,50.0,131.45,Mid Cap,1
2019-06-27,BBIO,"BridgeBio Pharma, Inc.",17.0,38.14,122.82,7240.0,2019,Biotechnology,28.61,28.37,45.5,33.2,68.29,66.88,167.65,95.29,Large Cap,1
2019-06-26,CMBM,Cambium Networks Corporation,12.0,0.45,-96.25,12.71,2019,Communication Equipment,9.48,9.98,7.71,6.8,-21.0,-16.83,-35.75,-43.33,Small Cap,0
2019-06-20,AKRO,"Akero Therapeutics, Inc.",16.0,44.92,180.19,3580.0,2019,Biotechnology,18.56,20.78,19.09,26.76,16.0,29.88,19.31,67.25,Large Cap,1
2019-06-20,GO,Grocery Outlet Holding Corp.,22.0,16.3,-25.55,1600.0,2019,Grocery Stores,32.71,37.65,31.21,35.02,48.68,71.14,41.86,59.18,Mid Cap,1
2019-06-20,PSNL,"Personalis, Inc.",17.0,4.26,-74.71,375.56,2019,Diagnostics & Research,27.93,22.42,10.26,12.45,64.29,31.88,-39.65,-26.76,Mid Cap,0
2019-06-19,STOK,"Stoke Therapeutics, Inc.",18.0,9.71,-46.11,530.14,2019,Biotechnology,26.41,23.45,24.98,23.2,46.72,30.28,38.78,28.89,Mid Cap,1
2019-06-14,CHWY,"Chewy, Inc.",22.0,37.85,72.27,15650.0,2019,Internet Retail,32.28,33.09,26.88,48.13,46.73,50.41,22.18,118.77,Large Cap,1
2019-06-13,FVRR,Fiverr International Ltd.,21.0,26.24,26.95,942.26,2019,Internet Content & Information,28.03,23.48,21.54,60.08,33.48,11.81,2.57,186.1,Mid Cap,1
2019-06-12,CRWD,"CrowdStrike Holdings, Inc.",34.0,443.47,,109920.0,2019,Software - Infrastructure,77.22,73.5,49.0,95.04,127.12,116.18,44.12,179.53,Large Cap,1
2019-06-07,RVLV,"Revolve Group, Inc.",18.0,19.12,8.17,1360.0,2019,Internet Retail,42.01,37.3,17.59,17.46,133.39,107.22,-2.28,-3.0,Mid Cap,0
2019-06-06,GOTU,Gaotu Techedu Inc.,10.5,3.4,-68.1,838.3,2019,Education & Training Services,9.56,10.6,18.17,40.52,-8.95,0.95,73.05,285.9,Mid Cap,1
2019-05-23,BCYC,Bicycle Therapeutics plc,14.0,9.08,-35.14,628.36,2019,Biotechnology,11.93,11.64,9.68,15.4,-14.79,-16.86,-30.86,10.0,Mid Cap,1
2019-05-23,IDYA,"IDEAYA Biosciences, Inc.",10.0,20.5,108.3,1790.0,2019,Biotechnology,11.54,9.58,8.2,6.99,15.4,-4.2,-18.0,-30.1,Mid Cap,0
2019-05-17,AVTR,"Avantor, Inc.",14.0,12.64,-9.43,8610.0,2019,Medical Instruments & Supplies,17.32,18.62,15.61,17.86,23.71,33.0,11.5,27.57,Large Cap,1
2019-05-17,FSLY,"Fastly, Inc.",16.0,5.8,-63.38,839.18,2019,Software - Application,21.5,19.28,20.79,39.5,34.38,20.5,29.94,146.88,Mid Cap,1
2019-05-15,PSTL,"Postal Realty Trust, Inc.",17.0,12.66,-25.12,387.14,2019,REIT - Office,11.97,10.79,11.78,11.15,-29.59,-36.53,-30.71,-34.41,Mid Cap,0
2019-05-14,APLT,"Applied Therapeutics, Inc.",10.0,0.44,-95.4,61.98,2019,Biotechnology,10.05,9.76,14.92,44.25,0.5,-2.4,49.2,342.5,Small Cap,1
2019-05-10,JFIN,Jiayin Group Inc.,10.5,12.43,17.43,663.38,2019,Internet Content & Information,11.09,8.63,6.73,1.71,5.62,-17.81,-35.9,-83.71,Mid Cap,0
2019-05-10,UBER,"Uber Technologies, Inc.",45.0,85.42,90.27,178640.0,2019,Software - Application,41.91,42.61,26.94,32.79,-6.87,-5.31,-40.13,-27.13,Large Cap,0
2019-05-09,MEC,"Mayville Engineering Company, Inc.",17.0,13.34,-21.24,272.4,2019,Metal Fabrication,16.95,14.36,9.79,6.13,-0.29,-15.53,-42.41,-63.94,Small Cap,0
2019-05-09,NXTC,"NextCure, Inc.",15.0,0.45,-96.87,12.58,2019,Biotechnology,20.18,16.57,92.22,37.98,34.53,10.47,514.8,153.2,Small Cap,1
2019-05-09,QNCX,"Quince Therapeutics, Inc.",17.0,1.09,-93.77,47.96,2019,Biotechnology,25.15,24.97,21.03,46.05,47.94,46.88,23.71,170.88,Small Cap,1
2019-05-09,SPFI,"South Plains Financial, Inc.",17.5,33.84,95.94,549.41,2019,Banks - Regional,16.4,15.96,15.66,11.89,-6.29,-8.8,-10.51,-32.06,Mid Cap,0
2019-05-08,PSN,Parsons Corporation,27.0,61.13,126.48,6530.0,2019,Information Technology Services,32.45,32.39,36.7,37.57,20.19,19.96,35.93,39.15,Large Cap,1
2019-05-07,TRVI,"Trevi Therapeutics, Inc.",10.0,6.92,-32.5,669.04,2019,Biotechnology,8.9,9.41,2.98,2.65,-11.0,-5.9,-70.2,-73.5,Mid Cap,0
2019-05-03,RRBI,"Red River Bancshares, Inc.",45.0,54.5,21.11,369.38,2019,Banks - Regional,49.16,47.43,42.0,36.67,9.24,5.4,-6.67,-18.51,Mid Cap,0
2019-05-02,BYND,"Beyond Meat, Inc.",25.0,2.57,-89.8,196.3,2019,Packaged Foods,68.27,104.12,81.99,91.53,173.08,316.48,227.96,266.12,Small Cap,1
2019-05-02,SY,So-Young International Inc.,13.8,0.85,-93.96,85.47,2019,Health Information Services,17.34,15.17,10.37,9.23,25.65,9.93,-24.86,-33.12,Small Cap,0
2019-05-02,TMDX,"TransMedics Group, Inc.",16.0,92.21,486.56,3120.0,2019,Medical Devices,25.19,27.19,17.99,16.59,57.44,69.94,12.44,3.69,Large Cap,1
2019-04-30,WAFU,Wah Fu Education Group Limited,5.0,1.41,-71.92,6.2,2019,Education & Training Services,3.95,2.86,2.77,1.68,-21.0,-42.8,-44.6,-66.4,Small Cap,0
2019-04-18,PINS,"Pinterest, Inc.",19.0,27.48,45.26,18580.0,2019,Internet Content & Information,28.8,26.7,25.57,17.45,51.58,40.53,34.58,-8.16,Large Cap,0
2019-04-18,ZM,Zoom Communications Inc.,36.0,78.23,120.0,23880.0,2019,Software - Application,65.0,89.98,71.11,150.06,80.56,149.94,97.53,316.83,Large Cap,1
2019-04-17,BWAY,BrainsWay Ltd.,11.0,8.71,-18.0,169.76,2019,Medical Devices,11.25,10.88,9.09,7.4,2.27,-1.09,-17.36,-32.73,Small Cap,0
2019-04-17,PLMR,"Palomar Holdings, Inc.",15.0,155.69,937.93,4160.0,2019,Insurance - Property & Casualty,18.98,22.3,40.9,55.24,26.53,48.67,172.67,268.27,Large Cap,1
2019-04-12,JMIA,Jumia Technologies AG,14.5,2.48,-82.83,303.71,2019,Internet Retail,35.15,26.6,7.54,2.85,142.41,83.45,-48.0,-80.34,Mid Cap,0
2019-04-11,PD,"PagerDuty, Inc.",24.0,15.15,-35.71,1380.0,2019,Software - Application,39.15,51.82,26.39,18.39,63.12,115.92,9.96,-23.38,Mid Cap,0
2019-04-05,GHSI,"Guardion Health Sciences, Inc.",4.0,3.25,-18.75,4.39,2019,Drug Manufacturers - Specialty & Generic,6.66,3.67,1.05,0.82,66.5,-8.25,-73.75,-79.5,Small Cap,0
2019-04-04,TW,Tradeweb Markets Inc.,27.0,144.31,432.33,34120.0,2019,Capital Markets,40.88,38.07,36.89,44.48,51.41,41.0,36.63,64.74,Large Cap,1
2019-04-02,XTKG,"X3 Holdings Co., Ltd.",,1.19,,16.38,2019,Software - Application,1444.53,1147.92,742.64,536.6,,,,,Small Cap,0
2019-03-29,HPH,Highest Performances Holdings Inc.,,6.65,,101.42,2019,Asset Management,378.0,369.0,402.0,378.0,,,,,Small Cap,0
2019-03-29,LYFT,"Lyft, Inc.",72.0,13.2,-81.92,5550.0,2019,Software - Application,74.45,60.59,41.78,27.6,3.4,-15.85,-41.97,-61.67,Large Cap,0
2019-03-27,GNFT,Genfit S.A.,22.0,4.53,-78.77,213.17,2019,Biotechnology,23.7,25.2,17.4,14.53,7.73,14.55,-20.91,-33.95,Small Cap,0
2019-03-21,LEVI,Levi Strauss & Co.,17.0,16.29,-4.18,6440.0,2019,Apparel Manufacturing,19.98,20.95,16.08,10.21,17.53,23.24,-5.41,-39.94,Large Cap,0
2019-03-20,TIGR,UP Fintech Holding Limited,8.0,8.98,12.31,1570.0,2019,Capital Markets,12.87,15.52,4.98,2.36,60.87,94.0,-37.75,-70.5,Mid Cap,0
2019-03-08,FUTU,Futu Holdings Limited,12.0,101.17,738.75,14090.0,2019,Capital Markets,17.59,16.41,11.01,12.7,46.58,36.75,-8.25,5.83,Large Cap,1
2019-02-15,AREC,American Resources Corporation,4.0,0.77,-80.0,59.52,2019,Coking Coal,3.98,3.98,2.49,0.57,-0.5,-0.5,-37.75,-85.75,Small Cap,0
2019-02-08,GOSS,"Gossamer Bio, Inc.",16.0,1.25,-92.75,284.03,2019,Biotechnology,19.3,19.86,19.87,14.8,20.63,24.12,24.19,-7.5,Small Cap,0
2019-02-07,ALEC,"Alector, Inc.",19.0,1.16,-93.74,115.99,2019,Biotechnology,18.8,16.61,19.0,35.28,-1.05,-12.58,0.0,85.68,Small Cap,1
2019-02-04,INMB,"INmune Bio, Inc.",8.0,7.57,-5.0,173.87,2019,Biotechnology,7.69,7.5,8.82,4.78,-3.87,-6.25,10.25,-40.25,Small Cap,0
2019-01-31,NFE,New Fortress Energy Inc.,14.0,5.54,-60.43,1520.0,2019,Oil & Gas Midstream,12.35,13.97,10.81,13.21,-11.79,-0.21,-22.79,-5.64,Mid Cap,0
2019-01-17,RBKB,"Rhinebeck Bancorp, Inc.",10.0,11.42,14.2,123.21,2019,Banks - Regional,11.58,11.62,10.92,11.21,15.8,16.2,9.2,12.1,Small Cap,1
2019-01-09,BCOW,"1895 Bancorp of Wisconsin, Inc.",10.0,9.4,-6.0,52.07,2019,Banks - Regional,10.0,9.48,9.33,10.7,0.0,-5.2,-6.7,7.0,Small Cap,1
2020-12-29,MRM,MEDIROM Healthcare Technologies Inc.,15.0,0.8,-94.67,6.32,2020,Personal Services,14.35,15.24,9.46,6.45,-4.33,1.6,-36.93,-57.0,Small Cap,0
2020-12-16,BCAB,"BioAtla, Inc.",18.0,0.52,-97.11,30.37,2020,Biotechnology,32.3,45.38,39.92,19.57,79.44,152.11,121.78,8.72,Small Cap,1
2020-12-16,UPST,"Upstart Holdings, Inc.",20.0,52.0,159.15,4940.0,2020,Credit Services,46.32,56.0,124.69,140.64,131.6,180.0,523.45,603.2,Large Cap,1
2020-12-11,ABCL,AbCellera Biologics Inc.,20.0,2.19,-88.65,652.59,2020,Biotechnology,49.22,36.59,23.84,13.97,146.1,82.95,19.2,-30.15,Mid Cap,0
2020-12-11,CERT,"Certara, Inc.",23.0,12.78,-44.44,2060.0,2020,Health Information Services,35.55,35.04,26.32,27.76,54.57,52.35,14.43,20.7,Large Cap,1
2020-12-11,FDMT,"4D Molecular Therapeutics, Inc.",23.0,3.57,-83.65,165.3,2020,Biotechnology,47.36,41.42,28.65,21.93,105.91,80.09,24.57,-4.65,Small Cap,0
2020-12-11,NBTX,Nanobiotix S.A.,13.5,3.55,-73.7,167.56,2020,Biotechnology,18.43,18.82,16.35,7.96,36.52,39.41,21.11,-41.04,Small Cap,0
2020-12-10,ABNB,"Airbnb, Inc.",68.0,124.89,85.07,77080.0,2020,Travel Services,147.05,149.77,147.01,180.42,116.25,120.25,116.19,165.32,Large Cap,1
2020-12-09,AI,"C3.ai, Inc.",42.0,21.98,-47.02,2920.0,2020,Software - Infrastructure,113.69,143.63,60.91,32.09,170.69,241.98,45.02,-23.6,Large Cap,0
2020-12-09,DASH,"DoorDash, Inc.",102.0,205.4,100.89,87040.0,2020,Internet Content & Information,158.05,156.09,142.5,164.86,54.95,53.03,39.71,61.63,Large Cap,1
2020-12-09,PUBM,"PubMatic, Inc.",20.0,9.74,-51.3,470.85,2020,Software - Application,26.86,26.31,28.79,38.66,34.3,31.55,43.95,93.3,Mid Cap,1
2020-12-03,DCBO,Docebo Inc.,52.21,31.7,-39.11,961.14,2020,Software - Application,48.82,65.09,52.06,62.85,-6.49,24.67,-0.29,20.38,Mid Cap,1
2020-11-20,MRVI,"Maravai LifeSciences Holdings, Inc.",27.0,2.12,-91.96,538.57,2020,Biotechnology,29.16,29.53,38.55,37.46,8.0,9.37,42.78,38.74,Mid Cap,1
2020-11-20,SHC,Sotera Health Company,23.0,12.93,-43.44,3670.0,2020,Diagnostics & Research,27.97,26.49,23.03,22.54,21.61,15.17,0.13,-2.0,Large Cap,0
2020-11-19,OLMA,"Olema Pharmaceuticals, Inc.",19.0,5.59,-71.34,381.64,2020,Biotechnology,49.5,44.0,24.49,22.76,160.53,131.58,28.89,19.79,Mid Cap,1
2020-11-19,TLS,Telos Corporation,17.0,2.65,-84.24,198.41,2020,Software - Infrastructure,20.06,26.97,29.66,18.83,18.0,58.65,74.47,10.76,Small Cap,1
2020-10-30,AVIR,"Atea Pharmaceuticals, Inc.",24.0,2.95,-87.83,252.3,2020,Biotechnology,34.17,33.32,26.65,11.64,42.38,38.83,11.04,-51.5,Small Cap,0
2020-10-30,LU,Lufax Holding Ltd,13.5,2.95,-78.15,2570.0,2020,Credit Services,24.05,24.23,19.05,9.28,78.15,79.48,41.11,-31.26,Large Cap,0
2020-10-30,SHOT,"Safety Shot, Inc.",7.5,0.51,-93.28,37.97,2020,Beverages - Non-Alcoholic,4.26,5.2,4.76,1.94,-43.2,-30.67,-36.53,-74.13,Small Cap,0
2020-10-29,ALGM,"Allegro MicroSystems, Inc.",14.0,19.15,36.79,3530.0,2020,Semiconductors,22.75,25.41,26.59,33.36,62.5,81.5,89.93,138.29,Large Cap,1
2020-10-29,LESL,"Leslie's, Inc.",17.0,0.65,-96.18,120.05,2020,Specialty Retail,24.56,20.0,29.15,20.68,44.47,17.65,71.47,21.65,Small Cap,1
2020-10-28,BDSX,"Biodesix, Inc.",18.0,0.47,-97.37,68.03,2020,Diagnostics & Research,13.33,16.94,17.38,7.56,-25.94,-5.89,-3.44,-58.0,Small Cap,0
2020-10-28,MAX,"MediaAlpha, Inc.",19.0,9.82,-47.11,662.55,2020,Internet Content & Information,38.5,38.93,42.96,17.25,102.63,104.89,126.11,-9.21,Mid Cap,0
2020-10-23,FHTX,Foghorn Therapeutics Inc.,16.0,3.94,-73.13,219.11,2020,Biotechnology,15.98,16.71,11.98,12.7,-0.12,4.44,-25.12,-20.63,Small Cap,0
2020-10-22,GHLD,Guild Holdings Company,15.0,12.87,-13.67,796.53,2020,Mortgage Finance,11.61,10.94,10.67,11.21,-22.6,-27.07,-28.87,-25.27,Mid Cap,0
2020-10-16,OPT,Opthea Limited,13.5,3.41,-74.74,466.57,2020,Biotechnology,13.5,12.79,9.65,7.72,0.0,-5.26,-28.52,-42.81,Mid Cap,0
2020-10-16,TARS,"Tarsus Pharmaceuticals, Inc.",16.0,48.02,198.13,2020.0,2020,Biotechnology,23.5,24.98,30.01,28.52,46.88,56.12,87.56,78.25,Large Cap,1
2020-10-15,ARRY,"Array Technologies, Inc.",22.0,4.93,-77.09,751.89,2020,Solar,43.94,38.47,29.1,18.87,99.73,74.86,32.27,-14.23,Mid Cap,0
2020-10-15,EBC,"Eastern Bankshares, Inc.",10.0,15.29,54.6,3060.0,2020,Banks - Regional,11.25,12.28,17.59,19.18,12.5,22.8,75.9,91.8,Large Cap,1
2020-10-15,MNSO,MINISO Group Holding Limited,20.0,18.49,-7.55,5670.0,2020,Specialty Retail,18.52,18.49,25.15,15.13,-7.4,-7.55,25.75,-24.35,Large Cap,0
2020-10-09,IH,iHuman Inc.,12.0,2.25,-81.25,117.04,2020,Education & Training Services,23.41,19.26,11.52,4.6,95.08,60.5,-4.0,-61.67,Small Cap,0
2020-10-09,KRON,"Kronos Bio, Inc.",19.0,0.73,-96.28,44.57,2020,Biotechnology,32.06,29.37,28.0,17.76,68.74,54.58,47.37,-6.53,Small Cap,0
2020-10-09,SPRB,"Spruce Biosciences, Inc.",15.0,0.08,-99.48,3.32,2020,Biotechnology,15.38,19.19,15.72,5.18,2.53,27.93,4.8,-65.47,Small Cap,0
2020-10-09,STTK,"Shattuck Labs, Inc.",17.0,1.0,-93.85,47.67,2020,Biotechnology,20.0,23.46,28.43,20.13,17.65,38.0,67.24,18.41,Small Cap,1
2020-10-08,ELUT,Elutia Inc.,17.0,1.93,-88.0,78.62,2020,Medical Devices,11.8,10.77,13.84,6.41,-30.59,-36.65,-18.59,-62.29,Small Cap,0
2020-10-08,FUBO,fuboTV Inc.,10.0,2.52,-76.15,860.52,2020,Broadcasting,10.79,14.92,22.37,25.12,7.9,49.2,123.7,151.2,Mid Cap,1
2020-10-07,SQFT,"Presidio Property Trust, Inc.",5.0,0.65,-86.8,8.37,2020,REIT - Diversified,2.98,2.38,2.87,2.96,-40.4,-52.4,-42.6,-40.8,Small Cap,0
2020-10-02,ASO,"Academy Sports and Outdoors, Inc.",13.0,37.83,196.62,2520.0,2020,Specialty Retail,12.99,14.77,26.35,39.24,-0.08,13.62,102.69,201.85,Large Cap,1
2020-10-02,CCCC,"C4 Therapeutics, Inc.",19.0,1.62,-91.47,115.0,2020,Biotechnology,22.8,24.74,36.99,45.96,20.0,30.21,94.68,141.89,Small Cap,1
2020-10-02,IMNM,"Immunome, Inc.",12.0,8.5,-27.67,739.08,2020,Biotechnology,13.91,10.98,33.88,20.16,15.92,-8.5,182.33,68.0,Mid Cap,1
2020-10-01,AVO,"Mission Produce, Inc.",12.0,10.41,-12.75,739.5,2020,Food Distribution,12.23,13.19,18.1,18.73,1.92,9.92,50.83,56.08,Mid Cap,1
2020-10-01,LUNG,Pulmonx Corporation,19.0,3.6,-81.05,144.93,2020,Medical Devices,43.12,42.06,44.0,38.0,126.95,121.37,131.58,100.0,Small Cap,1
2020-10-01,THRY,"Thryv Holdings, Inc.",10.17,13.88,37.46,606.87,2020,Internet Content & Information,11.12,8.55,24.07,30.52,9.34,-15.93,136.68,200.1,Mid Cap,1
2020-09-30,ASAN,"Asana, Inc.",21.0,16.09,-22.81,3750.0,2020,Software - Application,26.48,22.11,26.16,103.84,26.1,5.29,24.57,394.48,Large Cap,1
2020-09-30,PLTR,Palantir Technologies Inc.,7.25,123.97,,292530.0,2020,Software - Infrastructure,10.0,10.13,21.73,24.04,37.93,39.72,199.72,231.59,Large Cap,1
2020-09-30,YALA,Yalla Group Limited,7.5,7.03,-7.6,1110.0,2020,Software - Application,8.08,8.41,21.99,7.59,7.73,12.13,193.2,1.2,Mid Cap,1
2020-09-25,GLSI,"Greenwich LifeSciences, Inc.",5.75,9.85,73.91,130.74,2020,Biotechnology,4.29,4.06,31.7,41.4,-25.39,-29.39,451.3,620.0,Small Cap,1
2020-09-25,PMVP,"PMV Pharmaceuticals, Inc.",18.0,0.95,-94.46,49.38,2020,Biotechnology,33.0,34.74,33.01,29.26,83.33,93.0,83.39,62.56,Small Cap,1
2020-09-25,PRLD,Prelude Therapeutics Incorporated,19.0,0.83,-95.33,46.57,2020,Biotechnology,33.01,32.35,49.44,34.64,73.74,70.26,160.21,82.32,Small Cap,1
2020-09-24,TSHA,"Taysha Gene Therapies, Inc.",20.0,2.46,-88.0,503.41,2020,Biotechnology,20.35,20.02,22.47,20.04,1.75,0.1,12.35,0.2,Mid Cap,1
2020-09-23,BSY,"Bentley Systems, Incorporated",22.0,43.84,101.25,13830.0,2020,Software - Application,30.86,35.85,43.23,64.25,40.27,62.95,96.5,192.05,Large Cap,1
2020-09-23,CRSR,"Corsair Gaming, Inc.",17.0,6.99,-57.97,739.68,2020,Computer Hardware,20.1,24.67,32.29,27.87,18.24,45.12,89.94,63.94,Mid Cap,1
2020-09-23,GDRX,"GoodRx Holdings, Inc.",33.0,4.69,-85.79,1800.0,2020,Health Information Services,55.6,52.5,37.62,46.33,68.48,59.09,14.0,40.39,Mid Cap,1
2020-09-23,LSF,"Laird Superfood, Inc.",22.0,6.31,-72.09,64.99,2020,Packaged Foods,45.87,51.26,36.62,19.08,108.5,133.0,66.45,-13.27,Small Cap,0
2020-09-18,ATHA,"Athira Pharma, Inc.",17.0,0.28,-98.34,10.74,2020,Biotechnology,16.25,20.86,20.66,10.13,-4.41,22.71,21.53,-40.41,Small Cap,0
2020-09-18,CMPS,COMPASS Pathways plc,17.0,4.05,-76.09,375.33,2020,Medical Care Facilities,43.17,36.83,42.76,33.14,153.94,116.65,151.53,94.94,Mid Cap,1
2020-09-18,U,Unity Software Inc.,52.0,21.47,-58.35,8920.0,2020,Software - Application,89.85,89.3,108.98,136.69,72.79,71.73,109.58,162.87,Large Cap,1
2020-09-17,BNL,"Broadstone Net Lease, Inc.",17.0,16.03,-4.94,3170.0,2020,REIT - Diversified,12.47,12.91,14.29,20.15,-26.65,-24.06,-15.94,18.53,Large Cap,1
2020-09-17,DYN,"Dyne Therapeutics, Inc.",19.0,11.84,-37.32,1340.0,2020,Biotechnology,22.06,17.42,16.63,16.0,16.11,-8.32,-12.47,-15.79,Mid Cap,0
2020-09-16,FROG,JFrog Ltd.,44.0,34.39,-21.25,3940.0,2020,Software - Application,75.5,80.18,51.08,36.01,71.59,82.23,16.09,-18.16,Large Cap,0
2020-09-16,SNOW,Snowflake Inc.,120.0,167.92,41.67,56030.0,2020,Software - Application,217.39,242.52,238.76,323.52,81.16,102.1,98.97,169.6,Large Cap,1
2020-09-16,STEP,StepStone Group Inc.,18.0,53.66,200.11,6280.0,2020,Asset Management,23.35,23.69,28.88,41.68,29.72,31.61,60.44,131.56,Large Cap,1
2020-09-11,LSPD,Lightspeed Commerce Inc.,30.5,9.68,-68.28,1410.0,2020,Software - Application,29.76,38.05,58.15,124.02,-2.43,24.75,90.66,306.62,Mid Cap,1
2020-08-28,GP,GreenPower Motor Company Inc.,20.0,0.45,-97.73,12.82,2020,Farm & Heavy Construction Machinery,13.63,10.87,26.29,13.54,-31.85,-45.65,31.45,-32.3,Small Cap,0
2020-08-27,XPEV,XPeng Inc.,15.0,19.94,32.93,18960.0,2020,Auto Manufacturers,20.03,17.93,37.91,40.28,33.53,19.53,152.73,168.53,Large Cap,1
2020-08-21,KYMR,"Kymera Therapeutics, Inc.",20.0,33.63,70.3,2180.0,2020,Biotechnology,33.28,29.22,59.21,53.68,66.4,46.1,196.05,168.4,Large Cap,1
2020-08-21,NNOX,Nano-X Imaging Ltd.,18.0,5.04,-72.56,321.36,2020,Medical Devices,25.98,28.83,59.38,22.57,44.33,60.17,229.89,25.39,Mid Cap,1
2020-08-19,HRMY,"Harmony Biosciences Holdings, Inc.",24.0,29.93,25.5,1720.0,2020,Biotechnology,34.0,33.6,35.56,31.58,41.67,40.0,48.17,31.58,Mid Cap,1
2020-08-19,INBX,"Inhibrx Biosciences, Inc.",17.0,12.33,-29.94,178.49,2020,Biotechnology,,,,,,,,,Small Cap,0
2020-08-13,BEKE,KE Holdings Inc.,20.0,20.82,3.28,25000.0,2020,Real Estate Services,39.33,46.84,63.91,17.18,96.65,134.2,219.55,-14.1,Large Cap,0
2020-08-13,NTST,NETSTREIT Corp.,18.0,16.09,-10.89,1320.0,2020,REIT - Retail,14.74,14.73,14.95,21.95,-18.11,-18.17,-16.94,21.94,Mid Cap,1
2020-08-07,IBEX,IBEX Limited,19.0,25.71,35.58,339.16,2020,Information Technology Services,14.66,12.22,18.82,20.38,-22.84,-35.68,-0.95,7.26,Mid Cap,1
2020-08-06,RKT,"Rocket Companies, Inc.",18.0,11.92,-33.25,23790.0,2020,Mortgage Finance,15.75,20.64,17.59,15.41,-12.5,14.67,-2.28,-14.39,Large Cap,0
2020-08-05,RXT,"Rackspace Technology, Inc.",21.0,1.41,-93.24,334.6,2020,Software - Infrastructure,15.8,19.61,21.48,17.13,-24.76,-6.62,2.29,-18.43,Mid Cap,0
2020-07-31,FTHM,Fathom Holdings Inc.,10.0,0.8,-91.7,21.76,2020,Real Estate Services,10.24,17.81,37.09,25.3,2.4,78.1,270.9,153.0,Small Cap,1
2020-07-31,VITL,"Vital Farms, Inc.",22.0,35.52,62.23,1580.0,2020,Farm Products,38.86,39.4,26.14,17.41,76.64,79.09,18.82,-20.86,Mid Cap,0
2020-07-31,VSTA,Vasta Platform Limited,19.0,4.51,-76.0,361.71,2020,Education & Training Services,17.8,15.71,13.5,7.04,-6.32,-17.32,-28.95,-62.95,Mid Cap,0
2020-07-30,LI,Li Auto Inc.,11.5,25.24,119.74,25580.0,2020,Auto Manufacturers,18.5,17.6,32.5,33.39,60.87,53.04,182.61,190.35,Large Cap,1
2020-07-29,VERX,"Vertex, Inc.",19.0,39.05,106.37,6190.0,2020,Software - Application,24.69,28.19,34.38,19.14,29.95,48.37,80.95,0.74,Large Cap,1
2020-07-24,ANNX,"Annexon, Inc.",17.0,1.82,-88.41,199.13,2020,Biotechnology,18.23,23.86,26.45,21.0,7.24,40.35,55.59,23.53,Small Cap,1
2020-07-24,INZY,"Inozyme Pharma, Inc.",16.0,1.49,-90.13,95.4,2020,Biotechnology,19.55,28.54,27.17,19.03,22.19,78.38,69.81,18.94,Small Cap,1
2020-07-24,ITOS,"iTeos Therapeutics, Inc.",19.0,7.2,-62.11,275.57,2020,Biotechnology,19.68,30.0,36.23,24.32,3.58,57.89,90.68,28.0,Small Cap,1
2020-07-24,NRIX,"Nurix Therapeutics, Inc.",19.0,10.94,-42.45,833.64,2020,Biotechnology,19.39,23.54,43.5,30.72,2.05,23.89,128.95,61.68,Mid Cap,1
2020-07-23,EDTK,Skillful Craftsman Education Technology Limited,5.0,1.03,-79.4,16.41,2020,Education & Training Services,4.3,4.54,3.27,1.92,-14.0,-9.2,-34.6,-61.6,Small Cap,0
2020-07-23,MEG,"Montrose Environmental Group, Inc.",15.0,15.22,1.8,527.58,2020,Waste Management,22.22,26.14,40.26,50.32,48.13,74.27,168.4,235.47,Mid Cap,1
2020-07-22,JAMF,Jamf Holding Corp.,26.0,11.26,-56.65,1480.0,2020,Software - Application,40.3,40.13,33.86,31.74,55.0,54.35,30.23,22.08,Mid Cap,1
2020-07-17,ALXO,ALX Oncology Holdings Inc.,19.0,0.53,-97.25,28.29,2020,Biotechnology,30.25,47.1,82.17,54.5,59.21,147.89,332.47,186.84,Small Cap,1
2020-07-16,RLAY,"Relay Therapeutics, Inc.",20.0,3.31,-83.45,564.32,2020,Biotechnology,36.2,32.81,40.0,33.33,81.0,64.05,100.0,66.65,Mid Cap,1
2020-07-14,NCNO,"nCino, Inc.",31.0,22.27,-26.71,2570.0,2020,Software - Application,74.97,84.6,71.33,63.24,141.84,172.9,130.1,104.0,Large Cap,1
2020-07-10,IVA,Inventiva S.A.,14.4,3.57,-75.24,345.72,2020,Biotechnology,11.27,12.2,14.78,14.0,-21.74,-15.28,2.64,-2.78,Mid Cap,0
2020-07-10,NKTX,"Nkarta, Inc.",18.0,1.99,-89.19,140.85,2020,Biotechnology,37.02,23.52,55.0,28.56,105.67,30.67,205.56,58.67,Small Cap,1
2020-07-02,LMND,"Lemonade, Inc.",29.0,30.0,4.59,2200.0,2020,Insurance - Property & Casualty,77.01,58.18,118.34,107.65,165.55,100.62,308.07,271.21,Large Cap,1
2020-07-01,DNB,"Dun & Bradstreet Holdings, Inc.",22.0,8.97,-59.21,4000.0,2020,Financial Data & Stock Exchanges,25.19,24.25,24.97,20.21,14.5,10.23,13.5,-8.14,Large Cap,0
2020-06-26,ACI,"Albertsons Companies, Inc.",16.0,21.7,35.59,12490.0,2020,Grocery Stores,10.68,10.29,10.58,13.81,-33.25,-35.69,-33.88,-13.69,Large Cap,0
2020-06-26,API,"Agora, Inc.",20.0,3.45,-82.63,322.61,2020,Software - Application,56.49,38.74,39.96,41.75,182.45,93.7,99.8,108.75,Mid Cap,1
2020-06-19,IMG,CIMG Inc.,,0.59,,17.67,2020,Packaged Foods,320.25,650.65,403.9,112.0,,,,,Small Cap,0
2020-06-19,RPTX,Repare Therapeutics Inc.,20.0,1.41,-92.95,59.73,2020,Biotechnology,32.3,23.09,33.9,34.02,61.5,15.45,69.5,70.1,Small Cap,1
2020-06-16,RPRX,Royalty Pharma plc,28.0,32.99,17.82,19020.0,2020,Biotechnology,45.89,38.01,39.13,39.88,63.89,35.75,39.75,42.43,Large Cap,1
2020-06-12,AZEK,The AZEK Company Inc.,23.0,49.77,116.37,7160.0,2020,Building Products & Equipment,30.4,30.87,34.73,41.9,32.17,34.22,51.0,82.17,Large Cap,1
2020-06-12,GBIO,Generation Bio Co.,19.0,0.41,-97.68,27.38,2020,Biotechnology,21.91,18.07,39.07,27.0,15.32,-4.89,105.63,42.11,Small Cap,1
2020-06-12,PCVX,"Vaxcyte, Inc.",16.0,34.28,115.0,4420.0,2020,Biotechnology,35.45,29.21,28.16,22.01,121.56,82.56,76.0,37.56,Large Cap,1
2020-06-12,RNA,"Avidity Biosciences, Inc.",18.0,32.28,80.83,3880.0,2020,Biotechnology,30.07,27.84,33.32,25.65,67.06,54.67,85.11,42.5,Large Cap,1
2020-06-11,LTRN,Lantern Pharma Inc.,15.0,3.67,-75.33,39.58,2020,Biotechnology,12.9,12.69,15.35,15.58,-14.0,-15.4,2.33,3.87,Small Cap,1
2020-06-10,UCL,uCloudlink Group Inc.,18.0,1.1,-93.77,41.4,2020,Telecom Services,17.9,13.89,12.74,10.99,-0.56,-22.83,-29.22,-38.94,Small Cap,0
2020-06-05,DADA,Dada Nexus Limited,16.0,1.95,-87.84,504.25,2020,Internet Retail,14.75,27.69,53.6,25.41,-7.81,73.06,235.0,58.81,Mid Cap,1
2020-06-05,FOUR,"Shift4 Payments, Inc.",23.0,82.64,260.48,7320.0,2020,Software - Infrastructure,34.75,39.39,55.85,95.0,51.09,71.26,142.83,313.04,Large Cap,1
2020-06-05,LEGN,Legend Biotech Corporation,23.0,33.4,44.87,6130.0,2020,Biotechnology,38.04,39.16,30.45,38.67,65.39,70.26,32.39,68.13,Large Cap,1
2020-06-04,ZI,ZoomInfo Technologies Inc.,21.0,9.1,-56.52,3080.0,2020,Software - Application,49.5,45.05,47.93,44.2,135.71,114.52,128.24,110.48,Large Cap,1
2020-06-03,PLRX,"Pliant Therapeutics, Inc.",16.0,1.6,-89.66,98.22,2020,Biotechnology,23.28,29.53,27.52,31.07,45.5,84.56,72.0,94.19,Small Cap,1
2020-06-03,WMG,Warner Music Group Corp.,25.0,30.33,20.94,15780.0,2020,Entertainment,28.33,26.78,27.35,32.13,13.32,7.12,9.4,28.52,Large Cap,1
2020-05-21,SLQT,"SelectQuote, Inc.",20.0,2.51,-87.1,432.08,2020,Insurance Brokers,28.45,25.68,21.41,20.6,42.25,28.4,7.05,3.0,Mid Cap,1
2020-05-15,ADCT,ADC Therapeutics SA,19.0,1.42,-92.42,140.83,2020,Biotechnology,35.3,39.67,34.67,21.23,85.79,108.79,82.47,11.74,Small Cap,1
2020-05-08,KC,Kingsoft Cloud Holdings Limited,17.0,15.88,-6.21,4000.0,2020,Software - Application,23.1,20.0,35.07,40.71,35.88,17.65,106.29,139.47,Large Cap,1
2020-05-05,GAN,GAN Limited,8.5,1.81,-78.88,82.66,2020,Gambling,15.26,20.74,15.68,17.17,79.53,144.0,84.47,102.0,Small Cap,1
2020-05-01,LYRA,"Lyra Therapeutics, Inc.",16.0,0.1,-99.34,6.84,2020,Biotechnology,15.21,16.1,11.5,10.07,-4.94,0.63,-28.12,-37.06,Small Cap,0
2020-04-24,ORIC,"ORIC Pharmaceuticals, Inc.",16.0,5.71,-64.31,405.9,2020,Biotechnology,26.55,28.2,21.52,23.14,65.94,76.25,34.5,44.62,Mid Cap,1
2020-04-08,KROS,"Keros Therapeutics, Inc.",16.0,14.58,-8.56,592.11,2020,Biotechnology,27.18,27.39,36.14,62.76,69.88,71.19,125.88,292.25,Mid Cap,1
2020-04-03,ZNTL,"Zentalis Pharmaceuticals, Inc.",18.0,1.36,-92.44,97.66,2020,Biotechnology,24.31,31.93,32.69,43.34,35.06,77.39,81.61,140.78,Small Cap,1
2020-03-12,ELVN,"Enliven Therapeutics, Inc.",16.0,20.33,26.38,996.26,2020,Biotechnology,16.6,15.9,22.23,10.25,3.75,-0.62,38.94,-35.94,Mid Cap,0
2020-03-03,GFL,GFL Environmental Inc.,19.0,51.54,172.11,18500.0,2020,Waste Management,16.46,12.99,18.06,33.18,-13.37,-31.63,-4.95,74.63,Large Cap,1
2020-02-28,PASG,"Passage Bio, Inc.",18.0,0.36,-97.81,22.27,2020,Biotechnology,20.2,15.72,15.4,18.02,12.22,-12.67,-14.44,0.11,Small Cap,1
2020-02-13,RVMD,"Revolution Medicines, Inc.",17.0,39.8,134.09,7400.0,2020,Biotechnology,31.0,24.78,28.03,49.78,82.35,45.76,64.88,192.82,Large Cap,1
2020-02-07,NREF,"NexPoint Real Estate Finance, Inc.",19.0,14.21,-24.53,322.31,2020,REIT - Mortgage,10.27,8.89,8.67,10.15,-45.95,-53.21,-54.37,-46.58,Mid Cap,0
2020-02-07,ONEW,OneWater Marine Inc.,12.0,12.09,-1.58,197.23,2020,Specialty Retail,16.76,9.22,26.5,35.27,39.67,-23.17,120.83,193.92,Small Cap,1
2020-02-06,BEAM,Beam Therapeutics Inc.,17.0,19.82,16.59,1940.0,2020,Biotechnology,29.2,23.55,19.41,116.16,71.76,38.53,14.18,583.29,Mid Cap,1
2020-02-06,SDGR,"Schr√∂dinger, Inc.",17.0,25.98,53.65,1910.0,2020,Health Information Services,26.6,43.32,72.61,99.63,56.47,154.82,327.12,486.06,Mid Cap,1
2020-01-31,ARQT,"Arcutis Biotherapeutics, Inc.",17.0,15.41,-10.12,1830.0,2020,Biotechnology,26.39,27.4,27.56,27.29,55.24,61.18,62.12,60.53,Mid Cap,1
2020-01-31,REYN,Reynolds Consumer Products Inc.,26.0,23.29,-9.65,4900.0,2020,Packaging & Containers,25.81,24.13,29.33,26.17,-0.73,-7.19,12.81,0.65,Large Cap,1
2020-01-30,BDTX,"Black Diamond Therapeutics, Inc.",19.0,1.67,-91.05,94.65,2020,Biotechnology,38.74,26.99,28.79,24.77,103.89,42.05,51.53,30.37,Small Cap,1
2020-01-29,ANVS,"Annovis Bio, Inc.",6.0,1.55,-73.83,30.2,2020,Biotechnology,6.02,4.85,5.81,10.23,0.33,-19.17,-3.17,70.5,Small Cap,1
2020-01-17,IMAB,I-Mab,14.0,0.87,-93.29,70.91,2020,Biotechnology,14.0,10.81,32.64,49.52,0.0,-22.79,133.14,253.71,Small Cap,1
2020-01-17,VEL,"Velocity Financial, Inc.",13.0,16.9,29.08,616.71,2020,Mortgage Finance,13.64,14.43,3.85,7.04,4.92,11.0,-70.38,-45.85,Mid Cap,0
